<?xml version="1.0" encoding="UTF-8"?><!DOCTYPE article PUBLIC "-//NLM//DTD JATS (Z39.96) Journal Archiving and Interchange DTD v1.1 20151215//EN" "JATS-archivearticle1.dtd"><article article-type="article-commentary" dtd-version="1.1" xmlns:mml="http://www.w3.org/1998/Math/MathML" xmlns:xlink="http://www.w3.org/1999/xlink" xmlns:ali="http://www.niso.org/schemas/ali/1.0/"><front><journal-meta><journal-id journal-id-type="nlm-ta">elife</journal-id><journal-id journal-id-type="publisher-id">eLife</journal-id><journal-title-group><journal-title>eLife</journal-title></journal-title-group><issn publication-format="electronic" pub-type="epub">2050-084X</issn><publisher><publisher-name>eLife Sciences Publications, Ltd</publisher-name></publisher></journal-meta><article-meta><article-id pub-id-type="publisher-id">65581</article-id><article-id pub-id-type="doi">10.7554/eLife.65581</article-id><article-categories><subj-group subj-group-type="display-channel"><subject>Insight</subject></subj-group><subj-group subj-group-type="heading"><subject>Neuroscience</subject></subj-group><subj-group subj-group-type="sub-display-channel"><subject>Thalamocortical Synapses</subject></subj-group></article-categories><title-group><article-title>The clockwork that helps rabbits see</article-title></title-group><contrib-group><contrib contrib-type="author" corresp="yes" id="author-46369"><name><surname>Chavane</surname><given-names>Fr&#x00E9;d&#x00E9;ric</given-names></name><contrib-id contrib-id-type="orcid" authenticated="true">https://orcid.org/0000-0001-7916-2640</contrib-id><email>frederic.chavane@univ-amu.fr</email><xref ref-type="aff" rid="aff1">1</xref><xref ref-type="aff" rid="aff2">2</xref><xref ref-type="fn" rid="conf1"/><bio><p><bold>Fr&#x00E9;d&#x00E9;ric Chavane</bold> is in the Institut de Neurosciences de la Timone, Centre National de la Recherche Scientifique and the Facult&#x00E9; de M&#x00E9;decine, Aix-Marseille Universit&#x00E9;, Marseille, France</p></bio></contrib><contrib contrib-type="author" id="author-121270"><name><surname>Contreras</surname><given-names>Diego</given-names></name><contrib-id contrib-id-type="orcid" authenticated="true">https://orcid.org/0000-0003-0197-9882</contrib-id><xref ref-type="aff" rid="aff3">3</xref><xref ref-type="fn" rid="conf1"/><bio><p><bold>Diego Contreras</bold> is in the Department of Neuroscience, University of Pennsylvania School of Medicine, Philadelphia, United States</p></bio></contrib><aff id="aff1"><label>1</label><institution>Institut de Neurosciences de la Timone, Centre National de la Recherche Scientifique</institution><addr-line><named-content content-type="city">Marseille</named-content></addr-line><country>France</country></aff><aff id="aff2"><label>2</label><institution>Facult&#x00E9; de M&#x00E9;decine, Aix-Marseille Universit&#x00E9;</institution><addr-line><named-content content-type="city">Marseille</named-content></addr-line><country>France</country></aff><aff id="aff3"><label>3</label><institution>Department of Neuroscience, University of Pennsylvania School of Medicine</institution><addr-line><named-content content-type="city">Philadelphia</named-content></addr-line><country>United States</country></aff></contrib-group><pub-date date-type="publication" publication-format="electronic"><year>2021</year></pub-date><pub-date pub-type="collection"><year>2021</year></pub-date><volume>10</volume><elocation-id>e65581</elocation-id><history><date date-type="received" iso-8601-date="2021-01-28"><day>28</day><month>01</month><year>2021</year></date><date date-type="accepted" iso-8601-date="2021-01-28"><day>28</day><month>01</month><year>2021</year></date></history><permissions><copyright-statement>&#x00A9; 2021, Chavane and Contreras</copyright-statement><copyright-year>2021</copyright-year><copyright-holder>Chavane and Contreras</copyright-holder><ali:free_to_read/><license xlink:href="http://creativecommons.org/licenses/by/4.0/"><ali:license_ref>http://creativecommons.org/licenses/by/4.0/</ali:license_ref><license-p>This article is distributed under the terms of the <ext-link ext-link-type="uri" xlink:href="http://creativecommons.org/licenses/by/4.0/">Creative Commons Attribution License</ext-link>, which permits unrestricted use and redistribution provided that the original author and source are credited.</license-p></license></permissions><self-uri content-type="pdf" xlink:href="elife-65581.pdf"/><related-article related-article-type="commentary-article" ext-link-type="doi" id="ra1" xlink:href="10.7554/eLife.60102"/><abstract><p>Three rules govern the connectivity between neurons in the thalamus and inhibitory neurons in the visual cortex of rabbits.</p></abstract><kwd-group kwd-group-type="author-keywords"><kwd>rules of synaptic connectivity</kwd><kwd>thalamocortical specificity</kwd><kwd>fast-spike interneuron</kwd><kwd>feedforward inhibition</kwd><kwd>rabbit</kwd></kwd-group><kwd-group kwd-group-type="research-organism"><title>Research organism</title><kwd>Other</kwd></kwd-group><custom-meta-group><custom-meta specific-use="meta-only"><meta-name>Author impact statement</meta-name><meta-value>Three rules govern the connectivity between neurons in the thalamus and inhibitory neurons in the visual cortex of rabbits.</meta-value></custom-meta><custom-meta specific-use="meta-only"><meta-name>Template</meta-name><meta-value>1</meta-value></custom-meta></custom-meta-group></article-meta></front><body><boxed-text><p><bold>Related research article</bold> Bereshpolova Y, Hei X, Alonso JM, Swadlow HA. 2020. Three rules govern thalamocortical connectivity of fast-spike inhibitory interneurons in the visual cortex. <italic>eLife</italic> <bold>9</bold>:e60102. doi: <ext-link ext-link-type="uri" xlink:href="http://doi.org/10.7554/eLife.60102">10.7554/eLife.60102</ext-link></p></boxed-text><p>The cerebral cortex receives thousands of inputs from the sensory organs and uses them to create representations of the world and respond appropriately. With the exception of smells, all sensory signals travel through a part of the brain called the thalamus on their way to the cortex. The principal cells of the thalamus then relay this constant stream of information to the cerebral cortex in an orderly, topographical manner.</p><p>When a neuron in the thalamus relays a signal to a neuron in the input layer of the cortex, the cortical neuron receiving the input can be excitatory or inhibitory, changing the nature of the signal. Figuring out the rules that govern the connections between the thalamus and the cortex is fundamental to understanding the transformation of sensory inputs that travel through this route. For example, how is it that activity of the whole visual cortex is driven by input from the thalamus when fewer than 1&#x2013;5% of the synapses into the primary visual cortex originate in the thalamus (<xref ref-type="bibr" rid="bib5">Douglas and Martin, 2004</xref>; <xref ref-type="bibr" rid="bib7">Markov et al., 2011</xref>)? This is only possible if the thalamo-cortical synapses act cooperatively (<xref ref-type="bibr" rid="bib1">Alonso et al., 1996</xref>; <xref ref-type="bibr" rid="bib9">Swadlow and Gusev, 2001</xref>; <xref ref-type="bibr" rid="bib4">Bruno and Sakmann, 2006</xref>).</p><p>Now, in eLife, Yulia Bereshpolova, Xiajuan Hei, Jose-Manuel Alonso and Harvey Swadlow &#x2013; who are based at the University of Connecticut and the State University of New York College of Optometry &#x2013; report on how synapses form between the thalamus and the visual cortex in rabbits (<xref ref-type="bibr" rid="bib3">Bereshpolova et al., 2020</xref>). First, they measured the activity of neurons in the lateral geniculate nucleus (LGN) of the thalamus, which relay for visual information, and the response of neurons in the input layer of the cortex (<xref ref-type="fig" rid="fig1">Figure 1A</xref>). Based on the neurons&#x2019; firing patterns, Bereshpolova et al. established whether specific neurons in the input layer of the cortex were excitatory neurons or inhibitory neurons (which they call suspected interneurons or SINs). Next, they calculated the delay between a neuron firing in the LGN and a neuron responding in the cortex: when a synapse forms between a neuron in the LGN and a neuron in the cortex, this delay should be of between one and three milliseconds. With these tools in hand, Bereshpolova et al. moved on to interrogate the cortical circuit to identify other factors that can influence the connectivity between the thalamus and the cortex.</p><fig id="fig1" position="float"><label>Figure 1.</label><caption><title>The rules that govern the thalamocortical synapse in rabbits.</title><p>A)Schematic of the experiments performed by Bereshpolova et al.: a single cell in the LGN of the thalamus is recorded simultaneously with a single cell in layer 4 (L4) of the primary visual cortex (V1) during a visual response. The activity across cortical layers is also measured with another electrode (not shown). B) Bereshpolova et al. found that three rules regulate the connectivity between a neuron in the LGN and an inhibitory neuron in L4: their receptive fields (shown here by an orange circle and a blue square respectively) must overlap; the termination of the LGN neuron&#x2019;s axon (a location estimated by the peak in the CSD signal, grey line) must be located near the cortical neuron (small blue circle); and the delay between the firing of the thalamic and cortical neurons must be less than three milliseconds. All three conditions are met in the top left panel, so a connection is established. Only two of the three conditions are met in the other three panels, so a connection is not established in any of these cases. LGN: lateral geniculate nucleus; CSD: current source density; RF: receptive field.</p></caption><graphic xlink:href="elife-65581-fig1.tif" mimetype="image" mime-subtype="tiff"/></fig><p>They found that, similar to cats, the most important condition for a synapse to form was that the &#x0027;receptive field&#x0027; (the region of space in which a stimulus triggers a response) of a neuron in the LGN overlapped with the receptive field of a neuron in the cortex (<xref ref-type="fig" rid="fig1">Figure 1</xref>; <xref ref-type="bibr" rid="bib10">Tanaka, 1983</xref>; <xref ref-type="bibr" rid="bib2">Alonso et al., 2001</xref>; <xref ref-type="bibr" rid="bib8">Sedigh-Sarvestani et al., 2017</xref>). Bereshpolova et al. found synapses between 73% of LGN-SIN cell pairs in which more than half of their receptive fields overlapped. LGN neurons could also form connections with excitatory neurons in the cortex, but in this case, only 11% of pairs of cells formed synapses when their receptive fields overlapped. Since most of the studied LGN-SIN cell pairs with overlapping receptive fields were connected, this demonstrates that connections between the LGN and SINs are highly promiscuous (SINs receive inputs from almost all the LGN axons in their vicinity).</p><p>Why and how are such differences established? The answers are not known, but Bereshpolova et al. were able to explain why the remaining 27% of LGN-SIN pairs with receptive field overlap were not connected. In six of the eleven pairs without connections, the axon belonging to the neuron in the LGN did not terminate close enough to the SIN to form a synapse. This was determined using a laminar electrode (which allows measurements across several cortical layers) and current source density (CSD) analysis (which allows an estimation of the source of a current; <xref ref-type="fig" rid="fig1">Figure 1</xref>). In the remaining five pairs, there seemed to be no input from the thalamus into the cortical neurons, since the cortical neurons took over three milliseconds to fire after the LGN neuron had fired. The pattern of cortical neurons receiving input from either the thalamus or from other neurons in the cortex resembles what is seen in the cat visual cortex (<xref ref-type="bibr" rid="bib6">Finn et al., 2007</xref>).</p><p>Despite these similarities between cats and rabbits, there are also differences between the two species. In rabbits, the connections from the thalamus into cortical SINs seem to be much more promiscuous than in cats (<xref ref-type="bibr" rid="bib8">Sedigh-Sarvestani et al., 2017</xref>). Furthermore, in cats, the vast majority of putative interneurons have receptive fields with regions that respond exclusively to light increase or decrease and do not overlap; in rabbits, on the other hand, receptive fields do overlap. A last important difference is the presence in cats of functional cortical columns, which are absent in rabbits and rodents. These columns are groups of neurons in the cortex that have a similar orientation and nearly identical receptive fields, leading to the emergence of orientation maps (regions of the cortex that have similar response properties). These distinctions between cats and rabbits may shed light on how species differ when it comes to neuron connectivity.</p><p>The work of Bereshpolova et al. suggests that, in rabbits, a finely tuned clockwork based on three rules, governs the connectivity between neurons in the thalamus and inhibitory neurons in the input layer of the cortex: (i) physical proximity; (ii) receptive field overlap; (iii) a short delay (less than three milliseconds) between neurons firing (<xref ref-type="fig" rid="fig1">Figure 1B</xref>). The same rules have yet to be explored for the excitatory neurons in the input layer of the cortex (<xref ref-type="bibr" rid="bib11">Zhuang et al., 2013</xref>). Finally, the differences between the thalamocortical synapses in rabbits and in cats underlines the importance of studying neuroscience in different species.</p></body><back><fn-group content-type="competing-interest"><title>Competing interests</title><fn fn-type="COI-statement" id="conf1"><p>No competing interests declared</p></fn></fn-group><ref-list><title>References</title><ref id="bib1"><element-citation publication-type="journal"><person-group person-group-type="author"><name><surname>Alonso</surname> <given-names>JM</given-names></name><name><surname>Usrey</surname> <given-names>WM</given-names></name><name><surname>Reid</surname> <given-names>RC</given-names></name></person-group><year iso-8601-date="1996">1996</year><article-title>Precisely correlated firing in cells of the lateral geniculate nucleus</article-title><source>Nature</source><volume>383</volume><fpage>815</fpage><lpage>819</lpage><pub-id pub-id-type="doi">10.1038/383815a0</pub-id><pub-id pub-id-type="pmid">8893005</pub-id></element-citation></ref><ref id="bib2"><element-citation publication-type="journal"><person-group person-group-type="author"><name><surname>Alonso</surname> <given-names>JM</given-names></name><name><surname>Usrey</surname> <given-names>WM</given-names></name><name><surname>Reid</surname> <given-names>RC</given-names></name></person-group><year iso-8601-date="2001">2001</year><article-title>Rules of connectivity between geniculate cells and simple cells in cat primary visual cortex</article-title><source>The Journal of Neuroscience</source><volume>21</volume><fpage>4002</fpage><lpage>4015</lpage><pub-id pub-id-type="doi">10.1523/JNEUROSCI.21-11-04002.2001</pub-id><pub-id pub-id-type="pmid">11356887</pub-id></element-citation></ref><ref id="bib3"><element-citation publication-type="journal"><person-group person-group-type="author"><name><surname>Bereshpolova</surname> <given-names>Y</given-names></name><name><surname>Hei</surname> <given-names>X</given-names></name><name><surname>Alonso</surname> <given-names>JM</given-names></name><name><surname>Swadlow</surname> <given-names>HA</given-names></name></person-group><year iso-8601-date="2020">2020</year><article-title>Three rules govern thalamocortical connectivity of fast-spike inhibitory interneurons in the visual cortex</article-title><source>eLife</source><volume>9</volume><elocation-id>e60102</elocation-id><pub-id pub-id-type="doi">10.7554/eLife.60102</pub-id><pub-id pub-id-type="pmid">33289630</pub-id></element-citation></ref><ref id="bib4"><element-citation publication-type="journal"><person-group person-group-type="author"><name><surname>Bruno</surname> <given-names>RM</given-names></name><name><surname>Sakmann</surname> <given-names>B</given-names></name></person-group><year iso-8601-date="2006">2006</year><article-title>Cortex is driven by weak but synchronously active thalamocortical synapses</article-title><source>Science</source><volume>312</volume><fpage>1622</fpage><lpage>1627</lpage><pub-id pub-id-type="doi">10.1126/science.1124593</pub-id><pub-id pub-id-type="pmid">16778049</pub-id></element-citation></ref><ref id="bib5"><element-citation publication-type="journal"><person-group person-group-type="author"><name><surname>Douglas</surname> <given-names>RJ</given-names></name><name><surname>Martin</surname> <given-names>KA</given-names></name></person-group><year iso-8601-date="2004">2004</year><article-title>Neuronal circuits of the neocortex</article-title><source>Annual Review of Neuroscience</source><volume>27</volume><fpage>419</fpage><lpage>451</lpage><pub-id pub-id-type="doi">10.1146/annurev.neuro.27.070203.144152</pub-id><pub-id pub-id-type="pmid">15217339</pub-id></element-citation></ref><ref id="bib6"><element-citation publication-type="journal"><person-group person-group-type="author"><name><surname>Finn</surname> <given-names>IM</given-names></name><name><surname>Priebe</surname> <given-names>NJ</given-names></name><name><surname>Ferster</surname> <given-names>D</given-names></name></person-group><year iso-8601-date="2007">2007</year><article-title>The emergence of contrast-invariant orientation tuning in simple cells of cat visual cortex</article-title><source>Neuron</source><volume>54</volume><fpage>137</fpage><lpage>152</lpage><pub-id pub-id-type="doi">10.1016/j.neuron.2007.02.029</pub-id><pub-id pub-id-type="pmid">17408583</pub-id></element-citation></ref><ref id="bib7"><element-citation publication-type="journal"><person-group person-group-type="author"><name><surname>Markov</surname> <given-names>NT</given-names></name><name><surname>Misery</surname> <given-names>P</given-names></name><name><surname>Falchier</surname> <given-names>A</given-names></name><name><surname>Lamy</surname> <given-names>C</given-names></name><name><surname>Vezoli</surname> <given-names>J</given-names></name><name><surname>Quilodran</surname> <given-names>R</given-names></name><name><surname>Gariel</surname> <given-names>MA</given-names></name><name><surname>Giroud</surname> <given-names>P</given-names></name><name><surname>Ercsey-Ravasz</surname> <given-names>M</given-names></name><name><surname>Pilaz</surname> <given-names>LJ</given-names></name><name><surname>Huissoud</surname> <given-names>C</given-names></name><name><surname>Barone</surname> <given-names>P</given-names></name><name><surname>Dehay</surname> <given-names>C</given-names></name><name><surname>Toroczkai</surname> <given-names>Z</given-names></name><name><surname>Van Essen</surname> <given-names>DC</given-names></name><name><surname>Kennedy</surname> <given-names>H</given-names></name><name><surname>Knoblauch</surname> <given-names>K</given-names></name></person-group><year iso-8601-date="2011">2011</year><article-title>Weight consistency specifies regularities of macaque cortical networks</article-title><source>Cerebral Cortex</source><volume>21</volume><fpage>1254</fpage><lpage>1272</lpage><pub-id pub-id-type="doi">10.1093/cercor/bhq201</pub-id><pub-id pub-id-type="pmid">21045004</pub-id></element-citation></ref><ref id="bib8"><element-citation publication-type="journal"><person-group person-group-type="author"><name><surname>Sedigh-Sarvestani</surname> <given-names>M</given-names></name><name><surname>Vigeland</surname> <given-names>L</given-names></name><name><surname>Fernandez-Lamo</surname> <given-names>I</given-names></name><name><surname>Taylor</surname> <given-names>MM</given-names></name><name><surname>Palmer</surname> <given-names>LA</given-names></name><name><surname>Contreras</surname> <given-names>D</given-names></name></person-group><year iso-8601-date="2017">2017</year><article-title>Intracellular, <italic>in vivo</italic>, Dynamics of Thalamocortical Synapses in Visual Cortex</article-title><source>The Journal of Neuroscience</source><volume>37</volume><fpage>5250</fpage><lpage>5262</lpage><pub-id pub-id-type="doi">10.1523/JNEUROSCI.3370-16.2017</pub-id><pub-id pub-id-type="pmid">28438969</pub-id></element-citation></ref><ref id="bib9"><element-citation publication-type="journal"><person-group person-group-type="author"><name><surname>Swadlow</surname> <given-names>HA</given-names></name><name><surname>Gusev</surname> <given-names>AG</given-names></name></person-group><year iso-8601-date="2001">2001</year><article-title>The impact of &#x0027;bursting&#x0027; thalamic impulses at a neocortical synapse</article-title><source>Nature Neuroscience</source><volume>4</volume><fpage>402</fpage><lpage>408</lpage><pub-id pub-id-type="doi">10.1038/86054</pub-id><pub-id pub-id-type="pmid">11276231</pub-id></element-citation></ref><ref id="bib10"><element-citation publication-type="journal"><person-group person-group-type="author"><name><surname>Tanaka</surname> <given-names>K</given-names></name></person-group><year iso-8601-date="1983">1983</year><article-title>Cross-correlation analysis of geniculostriate neuronal relationships in cats</article-title><source>Journal of Neurophysiology</source><volume>49</volume><fpage>1303</fpage><lpage>1318</lpage><pub-id pub-id-type="doi">10.1152/jn.1983.49.6.1303</pub-id></element-citation></ref><ref id="bib11"><element-citation publication-type="journal"><person-group person-group-type="author"><name><surname>Zhuang</surname> <given-names>J</given-names></name><name><surname>Stoelzel</surname> <given-names>CR</given-names></name><name><surname>Bereshpolova</surname> <given-names>Y</given-names></name><name><surname>Huff</surname> <given-names>JM</given-names></name><name><surname>Hei</surname> <given-names>X</given-names></name><name><surname>Alonso</surname> <given-names>JM</given-names></name><name><surname>Swadlow</surname> <given-names>HA</given-names></name></person-group><year iso-8601-date="2013">2013</year><article-title>Layer 4 in primary visual cortex of the awake rabbit: contrasting properties of simple cells and putative feedforward inhibitory interneurons</article-title><source>Journal of Neuroscience</source><volume>33</volume><fpage>11372</fpage><lpage>11389</lpage><pub-id pub-id-type="doi">10.1523/JNEUROSCI.0863-13.2013</pub-id><pub-id pub-id-type="pmid">23843510</pub-id></element-citation></ref></ref-list></back></article>